﻿company_id,Company name,Company address,company_name_slug,company_no,reviews_count,average_company_rating,company_review_summary_url,company_review_url,foreign_company_id,map_address,map_latitude,map_longitude,industry,website_url,Company Tel,Company Email,Contact Person,Position,FET,FCA,FOB,FCM,FOE,FOM,FIST,FCI,POSKOD,ADDRESS,CITY,STATE,pacs_latitude,pacs_longitude,euclidean_distance
441037,Taman Buaya Langkawi Sdn Bhd,"Crocodile Adventureland Langkawi, Jalan Teluk Datai, 07000 Mukim Air Hangat, Langkawi, Kedah",taman-buaya-langkawi-441037,239964-D,8,2.5,/companies/441037/company-reviews/summary,/companies/441037/company-reviews,5398,"Crocodile Adventureland Langkawi, Jalan Teluk Datai, 07000 Mukim Air Hangat, Langkawi, Kedah",6.4024184,99.7126376,Travel/Tourism,,,,,,0,0,0,1,0,0,0,0,7000,Ayer Hangat,Langkawi,Kedah,6.421997,99.8165138,0.105705187
1.62927E+14,Hii King Hiong & Co Chartered Accountants,"No.1, 2nd Floor, Lorong Ulu, Sungai Merah 14B, 96000 Sibu, Sarawak, Malaysia",hii-king-hiong-n-co-chartered-accountants-162926766514688, ,0,0,/companies/162926766514688/company-reviews/summary,/companies/162926766514688/company-reviews,215397, ,2.3318506,111.8543433,Accounting/Audit/Tax Services, , , , , ,0,0,0,0,0,1,0,0,96000,Sibu,Sibu,Sarawak,2.3556865,111.9522491,0.100765549
,Pace,"PUSAT PENDIDIKAN PROFESIONAL DAN LANJUTAN PROFESSIONAL AND CONTINUING EDUCATION (PACE UUM, Sintok, 06010 Bukit Kayu Hitam, Kedah, Malaysia",,,,,,,,"PUSAT PENDIDIKAN PROFESIONAL DAN LANJUTAN PROFESSIONAL AND CONTINUING EDUCATION (PACE UUM, Sintok, 06010 Bukit Kayu Hitam, Kedah, Malaysia",6.4339065,100.432046,,,,mohamed.hegazy@pace-kuwait.com,Eng. Mohamed Hegazy, Senior Mechanical Engineer,1,0,0,0,0,0,0,0,6050,Bukit Kayu Hitam,Bukit Kayu Hitam,Kedah,6.509743,100.4203912,0.076726847
,IJM Plantations Berhad,"Wisma IJM Plantations, Lot 1, Jalan Bandar Utama, 90000 Sandakan, Sabah, Malaysia",,,,,,,,"Wisma IJM Plantations, Lot 1, Jalan Bandar Utama, 90000 Sandakan, Sabah, Malaysia",5.8648903,118.0569824,,,,,,,0,0,0,0,1,0,0,0,90000,Sandakan,Sandakan,Sabah,5.839444,118.1171729,0.065348378
,GRAPHICLINE,"2206, Jalan Saberkas Utama, Saberkas Commercial Centre, 98000 Miri, Sarawak, Malaysia",,,,,,,,"2206, Jalan Saberkas Utama, Saberkas Commercial Centre, 98000 Miri, Sarawak, Malaysia",4.4189528,114.0166534,,,,,,,0,0,0,1,0,0,0,0,98000,Miri,Miri,Sarawak,4.3584652,114.001226,0.062423989
609576,Silterra Malaysia Sdn Bhd,"Lot 8, Industrial Zone Phase 2, Kulim Hi-tech Park, 09000 Kulim, Kedah, Malaysia",silterra-malaysia-609576,368948-D,222,3.7793,/companies/609576/company-reviews/summary,/companies/609576/company-reviews,153,"Lot 8, Industrial Zone Phase 2, Kulim Hi-tech Park, 09000 Kulim, Kedah, Malaysia",5.387053,100.5702189,Semiconductor/Wafer Fabrication,,,,,,0,0,0,0,1,0,0,0,9000,Kawasan Industri Hi-Tech,Kulim,Kedah,5.442551,100.563079,0.055955395
623280,Sarawak Energy Berhad,"Menara Sarawak Energy, No. 1, The Isthmus, 93050 Kuching, Sarawak, Malaysia",sarawak-energy-berhad-623280,672931-A,58,4.6207,/companies/623280/company-reviews/summary,/companies/623280/company-reviews,31177,"Menara Sarawak Energy, No. 1, The Isthmus, 93050 Kuching, Sarawak, Malaysia",1.5591867,110.3995133,Utilities/Power,https://www.sarawakenergy.com.my,,chosen.yap@sarawakenergy.com,Yap Cho Sen, Assistant General Manager,1,0,0,0,0,0,0,0,93350,Jalan Song,Kuching,Sarawak,1.5174794,110.3650961,0.054074417
,S Association,"1st Floor, 26 & 28, Jalan Putra, 05100 Alor Setar, Kedah, Malaysia",,,,,,,,"1st Floor, 26 & 28, Jalan Putra, 05100 Alor Setar, Kedah, Malaysia",6.1216428,100.3658111,,,,,,,0,0,1,0,0,0,0,0,6250,Jalan Putra (Km 3 - 14),Alor Setar,Kedah,6.1461496,100.3257704,0.046945084
439422,AIC Semiconductor Sdn Bhd,"Lot 26 & 27, Jalan Hi-Tech 4, Kulim Hi-Tech Industrial Park Phase 1, Kulim, 09000 Kedah, Malaysia",aic-semiconductor-439422,355409-P,18,3.5556,/companies/439422/company-reviews/summary,/companies/439422/company-reviews,150,"Lot 26 & 27, Jalan Hi-Tech 4, Kulim Hi-Tech Industrial Park Phase 1, Kulim, 09000 Kedah, Malaysia",5.4305269,100.5983909,Electrical & Electronics,,,,,,0,0,0,0,0,0,0,1,9000,Taman High Tech Avenue,Kulim,Kedah,5.442551,100.563079,0.037302939
,"AMREC (Pusat Penyelidikan Bahan Termaju), SIRIM Berhad","Lot 34, Jalan Hi-Tech 2/3, Kulim Hi-Tech Park, Kulim, 9000 Kedah, Malaysia",,,,,,,,"Lot 34, Jalan Hi-Tech 2/3, Kulim Hi-Tech Park, Kulim, 9000 Kedah, Malaysia",5.4241645,100.589888,,,08-55446613,,Mazni Binti Muhamad,,0,0,0,0,1,0,0,0,9000,Taman High Tech Avenue,Kulim,Kedah,5.442551,100.563079,0.032508243
1.61423E+14,Intel Kulim,"Lot 8, Jalan Hi-Tech 2/3, Kulim Hi-Tech Park, 09000 Kulim, Kedah, Malaysia",intel-kulim-161423403351914,,22,4.9545,/companies/161423403351914/company-reviews/summary,/companies/161423403351914/company-reviews,202691,"Lot 8, Jalan Hi-Tech 2/3, Kulim Hi-Tech Park, 09000 Kulim, Kedah, Malaysia",5.4230383,100.5863588,Others,,,,,,0,0,0,0,1,0,0,0,9000,Kawasan Industri Hi-Tech,Kulim,Kedah,5.442551,100.563079,0.030375888
627631,Sarawak Information Systems Sdn. Bhd.,"Level 3, Wisma Bapa Malaysia, Petra Jaya, 93502 Kuching, Sarawak, Malaysia",sarawak-information-systems-627631,213181-W,18,3.1667,/companies/627631/company-reviews/summary,/companies/627631/company-reviews,39516,"Level 3, Wisma Bapa Malaysia, Petra Jaya, 93502 Kuching, Sarawak, Malaysia",1.567778,110.351667,"Consulting (IT, Science, Engineering & Technical)",http://sains.com.my,,,,,0,0,0,0,0,0,0,1,93050,Petra Jaya,Kuching,Sarawak,1.5836335,110.3325403,0.024844064
640490,PERUNDING ELECMEC SDN. BHD.,"Lot 10417-3-4, Block 11, 46, 3, Jalan Setia Raja, Tabuan Stutong Commercial Centre, 93350 Kuching, Sarawak, Malaysia",perunding-elecmec-640490,602328-A,2,5,/companies/640490/company-reviews/summary,/companies/640490/company-reviews,62581,"Lot 10417-3-4, Block 11, 46, 3, Jalan Setia Raja, Tabuan Stutong Commercial Centre, 93350 Kuching, Sarawak, Malaysia",1.506258,110.3736256,"Consulting (IT, Science, Engineering & Technical)",,,pelecmec@gmail.com,Lai Chee Keung, Senior Mechanical Engineer,1,0,0,0,0,0,0,0,93350,Jalan Setia Raja,Kuching,Sarawak,1.5231427,110.3852612,0.020505616
,MOMIXX MALAYSIA SDN BHD,"No A77, Jalan 1B-2 Kawasan Perusahaan MIEL, Sungai Lalang, 08000 Sungai Petani, Kedah, Malaysia",,,,,,,,"No A77, Jalan 1B-2 Kawasan Perusahaan MIEL, Sungai Lalang, 08000 Sungai Petani, Kedah, Malaysia",5.6831147,100.5108116,,,,,,,0,0,0,0,0,0,1,0,8000,Kawasan Perindustrian Sungai Lalang,Sungai Petani,Kedah,5.693645,100.5105139,0.010534507
627009,PC IMAGE,"Lot 2.31 & 2.15, 2nd Floor, Wisma Saberkas, Jalan Green, 93000 Kuching, Sarawak, Malaysia",pc-image-627009,818953-V,14,4.1429,/companies/627009/company-reviews/summary,/companies/627009/company-reviews,38357,"Lot 2.31 & 2.15, 2nd Floor, Wisma Saberkas, Jalan Green, 93000 Kuching, Sarawak, Malaysia",1.5371692,110.3401903,Computer/Information Technology (Hardware),,,,,,0,0,0,1,0,0,0,0,93150,Jalan Green,Kuching,Sarawak,1.5443102,110.3325588,0.010451491
1269199,Sarawak Media Group Sdn Bhd,"#LG12, Lower Ground Floor, Mall 2 CityOne Megamall, No.1, Jalan Song, 93350 Kuching, Sarawak, Malaysia",sarawak-media-group-1269199,1275830-A,1,3,/companies/1269199/company-reviews/summary,/companies/1269199/company-reviews,156332,"#LG12, Lower Ground Floor, Mall 2 CityOne Megamall, No.1, Jalan Song, 93350 Kuching, Sarawak, Malaysia",1.5200001,110.3558527,Advertising/Marketing/Promotion/PR,,'013-8150766',lau@smg.my,Lau Ung Ing, Head of Content,0,1,0,1,0,0,0,0,93350,Jalan Song,Kuching,Sarawak,1.5174794,110.3650961,0.009580938
1.64446E+14,PMB ALUMINIUM SABAH SDN BHD,"Lot No 2 (DBKK No 2A), Lorong Neutron 1, Neutron Park, Kolombong Industrial Estate, 88450 Kota Kinabalu, Sabah,Malaysia",pmb-aluminium-sabah-164445618835205,772936H,0,0,/companies/164445618835205/company-reviews/summary,/companies/164445618835205/company-reviews,242923,"Lot No 2 (DBKK No 2A), Lorong Neutron 1, Neutron Park, Kolombong Industrial Estate, 88450 Kota Kinabalu, Sabah,Malaysia",5.9851248,116.1287537,Retail/Merchandise,,,limyp@pressmetal.com.my,Lim Ying Pio, Quality Department,1,0,0,0,0,0,0,0,88450,Kelombong Industrial Estate,Kota Kinabalu,Sabah,5.9793074,116.1309266,0.006209963
,"TM (Kedah, Sungai Petani)","Bangunan TM, Jalan Petani, Taman Pekan Baru, 08000 Sungai Petani, Kedah, Malaysia",,,,,,,,"Bangunan TM, Jalan Petani, Taman Pekan Baru, 08000 Sungai Petani, Kedah, Malaysia",5.6341352,100.4834445,,,,,,,1,0,0,0,0,0,0,0,8000,Taman Pekan Baru,Sungai Petani,Kedah,5.63982,100.485679,0.006108186
,OCK Setia Engineering,"2nd Floor, P23B-2-3, Trinity Hub Commercial Centre, Jalan Datuk Tawi Sli, Kuching 93250 Sarawak, Malaysia",,,,,,,,"2nd Floor, P23B-2-3, Trinity Hub Commercial Centre, Jalan Datuk Tawi Sli, Kuching 93250 Sarawak, Malaysia",1.5087268,110.3354475,,,,,,,0,0,0,0,1,0,0,0,93250,Jalan Datok Tawi Sli,Kuching,Sarawak,1.5135082,110.3362653,0.004850833
638529,Sabah Electricity Sdn Bhd,"Wisma Sesb, Jalan Tunku Abdul Rahman, 88673 Kota Kinabalu, Sabah, Malaysia",sabah-electricity-638529,462872-W,35,4.7143,/companies/638529/company-reviews/summary,/companies/638529/company-reviews,59603,"Wisma Sesb, Jalan Tunku Abdul Rahman, 88673 Kota Kinabalu, Sabah, Malaysia",5.970462,116.0738724,Utilities/Power,,,,,,0,0,0,0,1,0,0,0,88000,Jalan Tuanku Abdul Rahman,Kota Kinabalu,Sabah,5.9670929,116.0731599,0.003443616
,RHA Consulting Engineers Sdn Bhd,"186, Lorong Putra 1/D, Jalan Kelang Lama, Pusat Perniagaan Putra, 09000 Kulim, Kedah, Malaysia",,,,,,,,"186, Lorong Putra 1/D, Jalan Kelang Lama, Pusat Perniagaan Putra, 09000 Kulim, Kedah, Malaysia",5.3902451,100.5644781,,,,,,,0,0,0,0,1,0,0,0,9000,Pusat Perniagaan Putra,Kulim,Kedah,5.3873949,100.5654778,0.003020437
,Omega R&D,"Lot 8, Lorong Kelabu, Mile 4 1/2 Tuaran Road, Likas, 88400 Kota Kinabalu Sabah, Malaysia",,,,,,,,"Lot 8, Lorong Kelabu, Mile 4 1/2 Tuaran Road, Likas, 88400 Kota Kinabalu Sabah, Malaysia",5.9921185,116.1091386,,,,,,,0,0,0,0,1,0,0,0,88400,Likas,Kota Kinabalu,Sabah,5.9946681,116.1099332,0.002670552
,E Soft Business Solution Sdn Bhd,"No.1484, Taman Sultan Badlishah, Jalan Pegawai, 05050 Alor Setar, Kedah, Malaysia",,,,,,,,"No.1484, Taman Sultan Badlishah, Jalan Pegawai, 05050 Alor Setar, Kedah, Malaysia",6.1052649,100.3612533,,,,,,,0,0,0,0,0,0,0,1,5050,Jalan Pegawai,Alor Setar,Kedah,6.103307,100.3616733,0.002002442
1.6667E+14,MEDTOWN PHARMACY GALACITY SDN BHD,"Ground floor, Lot 470, Section 10, Jalan Nanas, 93400 Kuching, Sarawak, Malaysia",medtown-pharmacy-galacity-166669684829316,1475405-X,0,0,/companies/166669684829316/company-reviews/summary,/companies/166669684829316/company-reviews,305907,"Ground floor, Lot 470, Section 10, Jalan Nanas, 93400 Kuching, Sarawak, Malaysia",1.5496588,110.3359525,Others,,,,,,0,0,0,0,0,0,0,1,93400,Jalan Nanas,Kuching,Sarawak,1.5491698,110.3345626,0.001473412
,ROZIATUN & ASSOCIATES,"No. 80A, Tingkat 1, Jalan Permai 1, Taman Desa Permai, Sungai Lalang, 08100 Bedong, Kedah, Malaysia",,,,,,,,"No. 80A, Tingkat 1, Jalan Permai 1, Taman Desa Permai, Sungai Lalang, 08100 Bedong, Kedah, Malaysia",5.7015696,100.5197512,,,04-4589195,,,,0,0,0,0,0,1,0,0,8000,Taman Desa Permai,Sungai Petani,Kedah,5.700707,100.5203459,0.001047734
,"TM (Kedah, Alor Setar)","Kompleks Kristal, Jalan Kolam Air, Bandar Alor Setar, 05672 Alor Setar, Kedah, Malaysia",,,,,,,,"Kompleks Kristal, Jalan Kolam Air, Bandar Alor Setar, 05672 Alor Setar, Kedah, Malaysia",6.1187202,100.3704045,,,,,,,0,0,0,0,1,0,0,0,5672,Telekom Malaysia Berhad,Alor Setar,Kedah,6.1191769,100.3706942,0.000540834
468297,JETA PLT,"Lot 3, Block 16, Lorong Bandar Indah 4, Bandar Indah, North Road, 90000 Sandakan, Sabah, Malaysia",jeta-plt-468297,1102332-T,2,5,/companies/468297/company-reviews/summary,/companies/468297/company-reviews,89606,"2nd Floor, Wisma Gek Poh, Jalan Dunlop, 91000 Tawau, Sabah, Malaysia",5.854109,118.073399,Accounting/Audit/Tax Services,http://www.jeta.com.my,,,,,0,0,1,0,0,0,0,0,90000,Bandar Indah,Sandakan,Sabah,5.854109,118.073399,0
,RedHill Travel & Tours Sdn Bhd ,"No 37, Ground Floor, Jalan Ibrahim, Sungai Petani, 08000 Sungai Petani, Kedah, Malaysia",,,,,,,,"No 37, Ground Floor, Jalan Ibrahim, Sungai Petani, 08000 Sungai Petani, Kedah, Malaysia",5.6426516,100.4890345,,,,,,,0,0,0,0,0,0,0,1,8000,Jalan Ibrahim,Sungai Petani,Kedah,5.6426516,100.4890345,0
