CITY,count
Kuala Lumpur,306
Petaling Jaya,160
Cyberjaya,78
Puchong,69
Shah Alam,68
Melaka,59
Johor Bahru,54
Subang Jaya,28
Bayan Lepas,23
Kajang,21
Seremban,19
Putrajaya,19
Ayer Keroh,19
Seri Kembangan,18
Klang,15
Bandar Baru Bangi,15
Batu Pahat,13
Muar,11
Nusajaya,11
Ipoh,8
Senai,7
Kuching,7
Pulau Pinang,7
Masai,6
Kluang,6
Perai,5
Ulu Tiram,5
Kulim,5
Sepang,5
Sungai Buloh,5
Kulai,4
Port Dickson,4
Cheras,4
Alor Gajah,4
Nilai,4
Sungai Petani,4
KLIA,4
Kota Bharu,4
Bukit Mertajam,4
Kuala Terengganu,3
Simpang Ampat,3
Kota Kinabalu,3
Alor Setar,3
Bahau,3
Durian Tunggal,3
Banting,2
Pengerang,2
Sungai Udang,2
Batu Caves,2
Kuantan,2
Serdang,2
Sandakan,2
Pekan Nenas,2
Pasir Gudang,2
Tangkak,2
Taiping,2
Beranang,2
Semenyih,2
Gelang Patah,2
Segamat,2
Butterworth,1
Kangar,1
Bukit Kayu Hitam,1
Kuala Selangor,1
Kerteh,1
Labuan,1
Tanjong Kling,1
Kampung Kepayang,1
Arau,1
Gombak,1
Bangi,1
Bukit Pasir,1
Langkawi,1
Pontian,1
Kuala Pilah,1
Bota,1
Dengkil,1
Kubang Semang,1
Kota Tinggi,1
Gelugor,1
Miri,1
Melor,1
Sibu,1
Simpang Rengam,1
Temerloh,1
Balok,1
Bentong,1
Sungai Pelek,1
Ampang,1
Kapar,1
Subang,1
Bukit Damansara,1
Jenjarom,1
Jasin,1
Pelabuhan Klang,1
Kijal,1
